"ticker","panel","leverage_pct","gamma","statistic","paper","diagnosed_numerical_exception","exception_reason"
"SPX","unconstrained",2,"1","mean_ann",5.79,FALSE,""
"SPX","unconstrained",2,"1","sd_ann",4.46,FALSE,""
"SPX","unconstrained",2,"1","sharpe_ann",1.3,FALSE,""
"SPX","unconstrained",2,"1","alpha_ann",5.04,FALSE,""
"SPX","unconstrained",2,"1","beta",0.1,FALSE,""
"SPX","unconstrained",2,"1","hsd_ann",4.06,FALSE,""
"SPX","unconstrained",2,"1","appraisal_ann",1.24,FALSE,""
"SPX","unconstrained",2,"3","mean_ann",5.67,FALSE,""
"SPX","unconstrained",2,"3","sd_ann",4.45,FALSE,""
"SPX","unconstrained",2,"3","sharpe_ann",1.27,FALSE,""
"SPX","unconstrained",2,"3","alpha_ann",4.97,FALSE,""
"SPX","unconstrained",2,"3","beta",0.1,FALSE,""
"SPX","unconstrained",2,"3","hsd_ann",4.1,FALSE,""
"SPX","unconstrained",2,"3","appraisal_ann",1.21,FALSE,""
"SPX","unconstrained",2,"5","mean_ann",5.41,FALSE,""
"SPX","unconstrained",2,"5","sd_ann",4,FALSE,""
"SPX","unconstrained",2,"5","sharpe_ann",1.35,FALSE,""
"SPX","unconstrained",2,"5","alpha_ann",4.82,FALSE,""
"SPX","unconstrained",2,"5","beta",0.08,FALSE,""
"SPX","unconstrained",2,"5","hsd_ann",3.72,FALSE,""
"SPX","unconstrained",2,"5","appraisal_ann",1.29,FALSE,""
"SPX","unconstrained",3,"1","mean_ann",10.59,FALSE,""
"SPX","unconstrained",3,"1","sd_ann",10.18,FALSE,""
"SPX","unconstrained",3,"1","sharpe_ann",1.04,FALSE,""
"SPX","unconstrained",3,"1","alpha_ann",8.54,FALSE,""
"SPX","unconstrained",3,"1","beta",0.28,FALSE,""
"SPX","unconstrained",3,"1","hsd_ann",8.84,FALSE,""
"SPX","unconstrained",3,"1","appraisal_ann",0.97,FALSE,""
"SPX","unconstrained",3,"3","mean_ann",9.89,FALSE,""
"SPX","unconstrained",3,"3","sd_ann",9.27,FALSE,""
"SPX","unconstrained",3,"3","sharpe_ann",1.07,FALSE,""
"SPX","unconstrained",3,"3","alpha_ann",8.13,FALSE,""
"SPX","unconstrained",3,"3","beta",0.24,FALSE,""
"SPX","unconstrained",3,"3","hsd_ann",8.19,FALSE,""
"SPX","unconstrained",3,"3","appraisal_ann",0.99,FALSE,""
"SPX","unconstrained",3,"5","mean_ann",9.28,FALSE,""
"SPX","unconstrained",3,"5","sd_ann",7.36,FALSE,""
"SPX","unconstrained",3,"5","sharpe_ann",1.26,FALSE,""
"SPX","unconstrained",3,"5","alpha_ann",7.97,FALSE,""
"SPX","unconstrained",3,"5","beta",0.18,FALSE,""
"SPX","unconstrained",3,"5","hsd_ann",6.61,FALSE,""
"SPX","unconstrained",3,"5","appraisal_ann",1.21,FALSE,""
"SPX","unconstrained",5,"1","mean_ann",16.45,FALSE,""
"SPX","unconstrained",5,"1","sd_ann",19.61,FALSE,""
"SPX","unconstrained",5,"1","sharpe_ann",0.84,FALSE,""
"SPX","unconstrained",5,"1","alpha_ann",12.64,TRUE,"The one-cell SPX bisection branch validated in step4_validation.json moves full-sample alpha from the archived 12.643924 to 12.645467 percent."
"SPX","unconstrained",5,"1","beta",0.53,FALSE,""
"SPX","unconstrained",5,"1","hsd_ann",17.2,FALSE,""
"SPX","unconstrained",5,"1","appraisal_ann",0.74,FALSE,""
"SPX","unconstrained",5,"3","mean_ann",15.18,FALSE,""
"SPX","unconstrained",5,"3","sd_ann",12.66,FALSE,""
"SPX","unconstrained",5,"3","sharpe_ann",1.2,FALSE,""
"SPX","unconstrained",5,"3","alpha_ann",12.92,FALSE,""
"SPX","unconstrained",5,"3","beta",0.31,FALSE,""
"SPX","unconstrained",5,"3","hsd_ann",11.37,FALSE,""
"SPX","unconstrained",5,"3","appraisal_ann",1.14,FALSE,""
"SPX","unconstrained",5,"5","mean_ann",14.24,FALSE,""
"SPX","unconstrained",5,"5","sd_ann",9.78,FALSE,""
"SPX","unconstrained",5,"5","sharpe_ann",1.46,FALSE,""
"SPX","unconstrained",5,"5","alpha_ann",12.7,FALSE,""
"SPX","unconstrained",5,"5","beta",0.21,FALSE,""
"SPX","unconstrained",5,"5","hsd_ann",9,FALSE,""
"SPX","unconstrained",5,"5","appraisal_ann",1.41,FALSE,""
"SPX","solvency",2,"1","mean_ann",4.82,FALSE,""
"SPX","solvency",2,"1","sd_ann",4.83,FALSE,""
"SPX","solvency",2,"1","sharpe_ann",1,FALSE,""
"SPX","solvency",2,"1","alpha_ann",4.01,FALSE,""
"SPX","solvency",2,"1","beta",0.11,FALSE,""
"SPX","solvency",2,"1","hsd_ann",4.4,FALSE,""
"SPX","solvency",2,"1","appraisal_ann",0.91,FALSE,""
"SPX","solvency",2,"3","mean_ann",5.08,FALSE,""
"SPX","solvency",2,"3","sd_ann",4.53,FALSE,""
"SPX","solvency",2,"3","sharpe_ann",1.12,FALSE,""
"SPX","solvency",2,"3","alpha_ann",4.37,FALSE,""
"SPX","solvency",2,"3","beta",0.1,FALSE,""
"SPX","solvency",2,"3","hsd_ann",4.18,FALSE,""
"SPX","solvency",2,"3","appraisal_ann",1.05,FALSE,""
"SPX","solvency",2,"5","mean_ann",4.98,FALSE,""
"SPX","solvency",2,"5","sd_ann",4.05,FALSE,""
"SPX","solvency",2,"5","sharpe_ann",1.23,FALSE,""
"SPX","solvency",2,"5","alpha_ann",4.38,FALSE,""
"SPX","solvency",2,"5","beta",0.08,FALSE,""
"SPX","solvency",2,"5","hsd_ann",3.78,FALSE,""
"SPX","solvency",2,"5","appraisal_ann",1.16,FALSE,""
"SPX","solvency",3,"1","mean_ann",8.01,FALSE,""
"SPX","solvency",3,"1","sd_ann",10.96,FALSE,""
"SPX","solvency",3,"1","sharpe_ann",0.73,FALSE,""
"SPX","solvency",3,"1","alpha_ann",5.84,FALSE,""
"SPX","solvency",3,"1","beta",0.3,FALSE,""
"SPX","solvency",3,"1","hsd_ann",9.55,FALSE,""
"SPX","solvency",3,"1","appraisal_ann",0.61,FALSE,""
"SPX","solvency",3,"3","mean_ann",8.09,FALSE,""
"SPX","solvency",3,"3","sd_ann",8.49,FALSE,""
"SPX","solvency",3,"3","sharpe_ann",0.95,FALSE,""
"SPX","solvency",3,"3","alpha_ann",6.48,FALSE,""
"SPX","solvency",3,"3","beta",0.22,FALSE,""
"SPX","solvency",3,"3","hsd_ann",7.5,FALSE,""
"SPX","solvency",3,"3","appraisal_ann",0.86,FALSE,""
"SPX","solvency",3,"5","mean_ann",7.84,FALSE,""
"SPX","solvency",3,"5","sd_ann",7.23,FALSE,""
"SPX","solvency",3,"5","sharpe_ann",1.08,FALSE,""
"SPX","solvency",3,"5","alpha_ann",6.56,FALSE,""
"SPX","solvency",3,"5","beta",0.18,FALSE,""
"SPX","solvency",3,"5","hsd_ann",6.5,FALSE,""
"SPX","solvency",3,"5","appraisal_ann",1.01,FALSE,""
"SPX","solvency",5,"1","mean_ann",11.77,FALSE,""
"SPX","solvency",5,"1","sd_ann",16.24,FALSE,""
"SPX","solvency",5,"1","sharpe_ann",0.72,FALSE,""
"SPX","solvency",5,"1","alpha_ann",8.63,FALSE,""
"SPX","solvency",5,"1","beta",0.43,FALSE,""
"SPX","solvency",5,"1","hsd_ann",14.26,FALSE,""
"SPX","solvency",5,"1","appraisal_ann",0.6,FALSE,""
"SPX","solvency",5,"3","mean_ann",11.4,FALSE,""
"SPX","solvency",5,"3","sd_ann",12.25,FALSE,""
"SPX","solvency",5,"3","sharpe_ann",0.93,FALSE,""
"SPX","solvency",5,"3","alpha_ann",9.24,FALSE,""
"SPX","solvency",5,"3","beta",0.3,FALSE,""
"SPX","solvency",5,"3","hsd_ann",11.03,FALSE,""
"SPX","solvency",5,"3","appraisal_ann",0.84,FALSE,""
"SPX","solvency",5,"5","mean_ann",11.31,FALSE,""
"SPX","solvency",5,"5","sd_ann",9.83,FALSE,""
"SPX","solvency",5,"5","sharpe_ann",1.15,FALSE,""
"SPX","solvency",5,"5","alpha_ann",9.77,FALSE,""
"SPX","solvency",5,"5","beta",0.21,FALSE,""
"SPX","solvency",5,"5","hsd_ann",9.06,FALSE,""
"SPX","solvency",5,"5","appraisal_ann",1.08,FALSE,""
"NDX","unconstrained",2,"1","mean_ann",6.83,FALSE,""
"NDX","unconstrained",2,"1","sd_ann",7.3,FALSE,""
"NDX","unconstrained",2,"1","sharpe_ann",0.93,FALSE,""
"NDX","unconstrained",2,"1","alpha_ann",4.84,FALSE,""
"NDX","unconstrained",2,"1","beta",0.15,FALSE,""
"NDX","unconstrained",2,"1","hsd_ann",6.37,FALSE,""
"NDX","unconstrained",2,"1","appraisal_ann",0.76,FALSE,""
"NDX","unconstrained",2,"3","mean_ann",7.45,FALSE,""
"NDX","unconstrained",2,"3","sd_ann",6.4,FALSE,""
"NDX","unconstrained",2,"3","sharpe_ann",1.16,FALSE,""
"NDX","unconstrained",2,"3","alpha_ann",5.58,FALSE,""
"NDX","unconstrained",2,"3","beta",0.14,FALSE,""
"NDX","unconstrained",2,"3","hsd_ann",5.45,FALSE,""
"NDX","unconstrained",2,"3","appraisal_ann",1.02,FALSE,""
"NDX","unconstrained",2,"5","mean_ann",7.18,FALSE,""
"NDX","unconstrained",2,"5","sd_ann",5.1,FALSE,""
"NDX","unconstrained",2,"5","sharpe_ann",1.41,FALSE,""
"NDX","unconstrained",2,"5","alpha_ann",5.56,FALSE,""
"NDX","unconstrained",2,"5","beta",0.12,FALSE,""
"NDX","unconstrained",2,"5","hsd_ann",4.19,FALSE,""
"NDX","unconstrained",2,"5","appraisal_ann",1.33,FALSE,""
"NDX","unconstrained",3,"1","mean_ann",12.27,FALSE,""
"NDX","unconstrained",3,"1","sd_ann",11.61,FALSE,""
"NDX","unconstrained",3,"1","sharpe_ann",1.06,FALSE,""
"NDX","unconstrained",3,"1","alpha_ann",8.72,FALSE,""
"NDX","unconstrained",3,"1","beta",0.26,FALSE,""
"NDX","unconstrained",3,"1","hsd_ann",9.7,FALSE,""
"NDX","unconstrained",3,"1","appraisal_ann",0.9,FALSE,""
"NDX","unconstrained",3,"3","mean_ann",12.35,FALSE,""
"NDX","unconstrained",3,"3","sd_ann",8.65,FALSE,""
"NDX","unconstrained",3,"3","sharpe_ann",1.43,FALSE,""
"NDX","unconstrained",3,"3","alpha_ann",9.46,FALSE,""
"NDX","unconstrained",3,"3","beta",0.22,FALSE,""
"NDX","unconstrained",3,"3","hsd_ann",6.91,FALSE,""
"NDX","unconstrained",3,"3","appraisal_ann",1.37,FALSE,""
"NDX","unconstrained",3,"5","mean_ann",11.4,FALSE,""
"NDX","unconstrained",3,"5","sd_ann",6.8,FALSE,""
"NDX","unconstrained",3,"5","sharpe_ann",1.68,FALSE,""
"NDX","unconstrained",3,"5","alpha_ann",9.06,FALSE,""
"NDX","unconstrained",3,"5","beta",0.17,FALSE,""
"NDX","unconstrained",3,"5","hsd_ann",5.35,FALSE,""
"NDX","unconstrained",3,"5","appraisal_ann",1.69,FALSE,""
"NDX","unconstrained",5,"1","mean_ann",22.23,FALSE,""
"NDX","unconstrained",5,"1","sd_ann",18.83,FALSE,""
"NDX","unconstrained",5,"1","sharpe_ann",1.18,FALSE,""
"NDX","unconstrained",5,"1","alpha_ann",16.32,FALSE,""
"NDX","unconstrained",5,"1","beta",0.44,FALSE,""
"NDX","unconstrained",5,"1","hsd_ann",15.55,FALSE,""
"NDX","unconstrained",5,"1","appraisal_ann",1.05,FALSE,""
"NDX","unconstrained",5,"3","mean_ann",19.6,FALSE,""
"NDX","unconstrained",5,"3","sd_ann",11.56,FALSE,""
"NDX","unconstrained",5,"3","sharpe_ann",1.7,FALSE,""
"NDX","unconstrained",5,"3","alpha_ann",15.63,FALSE,""
"NDX","unconstrained",5,"3","beta",0.3,FALSE,""
"NDX","unconstrained",5,"3","hsd_ann",9.08,FALSE,""
"NDX","unconstrained",5,"3","appraisal_ann",1.72,FALSE,""
"NDX","unconstrained",5,"5","mean_ann",17.53,FALSE,""
"NDX","unconstrained",5,"5","sd_ann",9.02,FALSE,""
"NDX","unconstrained",5,"5","sharpe_ann",1.94,FALSE,""
"NDX","unconstrained",5,"5","alpha_ann",14.5,FALSE,""
"NDX","unconstrained",5,"5","beta",0.23,FALSE,""
"NDX","unconstrained",5,"5","hsd_ann",7.19,FALSE,""
"NDX","unconstrained",5,"5","appraisal_ann",2.02,FALSE,""
"NDX","solvency",2,"1","mean_ann",6.68,FALSE,""
"NDX","solvency",2,"1","sd_ann",7.34,FALSE,""
"NDX","solvency",2,"1","sharpe_ann",0.91,FALSE,""
"NDX","solvency",2,"1","alpha_ann",4.68,FALSE,""
"NDX","solvency",2,"1","beta",0.15,FALSE,""
"NDX","solvency",2,"1","hsd_ann",6.39,FALSE,""
"NDX","solvency",2,"1","appraisal_ann",0.73,FALSE,""
"NDX","solvency",2,"3","mean_ann",7.39,FALSE,""
"NDX","solvency",2,"3","sd_ann",6.42,FALSE,""
"NDX","solvency",2,"3","sharpe_ann",1.15,FALSE,""
"NDX","solvency",2,"3","alpha_ann",5.51,FALSE,""
"NDX","solvency",2,"3","beta",0.14,FALSE,""
"NDX","solvency",2,"3","hsd_ann",5.46,FALSE,""
"NDX","solvency",2,"3","appraisal_ann",1.01,FALSE,""
"NDX","solvency",2,"5","mean_ann",7.18,FALSE,""
"NDX","solvency",2,"5","sd_ann",5.12,FALSE,""
"NDX","solvency",2,"5","sharpe_ann",1.4,FALSE,""
"NDX","solvency",2,"5","alpha_ann",5.56,FALSE,""
"NDX","solvency",2,"5","beta",0.12,FALSE,""
"NDX","solvency",2,"5","hsd_ann",4.2,FALSE,""
"NDX","solvency",2,"5","appraisal_ann",1.32,FALSE,""
"NDX","solvency",3,"1","mean_ann",11.68,FALSE,""
"NDX","solvency",3,"1","sd_ann",11.75,FALSE,""
"NDX","solvency",3,"1","sharpe_ann",0.99,FALSE,""
"NDX","solvency",3,"1","alpha_ann",8.08,FALSE,""
"NDX","solvency",3,"1","beta",0.27,FALSE,""
"NDX","solvency",3,"1","hsd_ann",9.79,FALSE,""
"NDX","solvency",3,"1","appraisal_ann",0.82,FALSE,""
"NDX","solvency",3,"3","mean_ann",11.85,FALSE,""
"NDX","solvency",3,"3","sd_ann",8.79,FALSE,""
"NDX","solvency",3,"3","sharpe_ann",1.35,FALSE,""
"NDX","solvency",3,"3","alpha_ann",8.89,FALSE,""
"NDX","solvency",3,"3","beta",0.22,FALSE,""
"NDX","solvency",3,"3","hsd_ann",6.99,FALSE,""
"NDX","solvency",3,"3","appraisal_ann",1.27,FALSE,""
"NDX","solvency",3,"5","mean_ann",11.19,FALSE,""
"NDX","solvency",3,"5","sd_ann",6.86,FALSE,""
"NDX","solvency",3,"5","sharpe_ann",1.63,FALSE,""
"NDX","solvency",3,"5","alpha_ann",8.83,FALSE,""
"NDX","solvency",3,"5","beta",0.18,FALSE,""
"NDX","solvency",3,"5","hsd_ann",5.38,FALSE,""
"NDX","solvency",3,"5","appraisal_ann",1.64,FALSE,""
"NDX","solvency",5,"1","mean_ann",19.52,FALSE,""
"NDX","solvency",5,"1","sd_ann",19.17,FALSE,""
"NDX","solvency",5,"1","sharpe_ann",1.02,FALSE,""
"NDX","solvency",5,"1","alpha_ann",13.47,FALSE,""
"NDX","solvency",5,"1","beta",0.45,FALSE,""
"NDX","solvency",5,"1","hsd_ann",15.77,FALSE,""
"NDX","solvency",5,"1","appraisal_ann",0.85,FALSE,""
"NDX","solvency",5,"3","mean_ann",17.97,FALSE,""
"NDX","solvency",5,"3","sd_ann",11.75,FALSE,""
"NDX","solvency",5,"3","sharpe_ann",1.53,FALSE,""
"NDX","solvency",5,"3","alpha_ann",13.91,FALSE,""
"NDX","solvency",5,"3","beta",0.3,FALSE,""
"NDX","solvency",5,"3","hsd_ann",9.2,FALSE,""
"NDX","solvency",5,"3","appraisal_ann",1.51,FALSE,""
"NDX","solvency",5,"5","mean_ann",16.49,FALSE,""
"NDX","solvency",5,"5","sd_ann",9.04,FALSE,""
"NDX","solvency",5,"5","sharpe_ann",1.82,FALSE,""
"NDX","solvency",5,"5","alpha_ann",13.43,FALSE,""
"NDX","solvency",5,"5","beta",0.23,FALSE,""
"NDX","solvency",5,"5","hsd_ann",7.17,FALSE,""
"NDX","solvency",5,"5","appraisal_ann",1.87,FALSE,""
"DJX","unconstrained",2,"1","mean_ann",4.2,FALSE,""
"DJX","unconstrained",2,"1","sd_ann",10.85,FALSE,""
"DJX","unconstrained",2,"1","sharpe_ann",0.39,FALSE,""
"DJX","unconstrained",2,"1","alpha_ann",2.27,FALSE,""
"DJX","unconstrained",2,"1","beta",0.33,FALSE,""
"DJX","unconstrained",2,"1","hsd_ann",9.1,FALSE,""
"DJX","unconstrained",2,"1","appraisal_ann",0.25,FALSE,""
"DJX","unconstrained",2,"3","mean_ann",4.06,FALSE,""
"DJX","unconstrained",2,"3","sd_ann",8.24,FALSE,""
"DJX","unconstrained",2,"3","sharpe_ann",0.49,FALSE,""
"DJX","unconstrained",2,"3","alpha_ann",2.53,FALSE,""
"DJX","unconstrained",2,"3","beta",0.26,FALSE,""
"DJX","unconstrained",2,"3","hsd_ann",6.78,FALSE,""
"DJX","unconstrained",2,"3","appraisal_ann",0.37,FALSE,""
"DJX","unconstrained",2,"5","mean_ann",3.48,FALSE,""
"DJX","unconstrained",2,"5","sd_ann",7.11,FALSE,""
"DJX","unconstrained",2,"5","sharpe_ann",0.49,FALSE,""
"DJX","unconstrained",2,"5","alpha_ann",2.18,FALSE,""
"DJX","unconstrained",2,"5","beta",0.22,FALSE,""
"DJX","unconstrained",2,"5","hsd_ann",5.89,FALSE,""
"DJX","unconstrained",2,"5","appraisal_ann",0.37,FALSE,""
"DJX","unconstrained",3,"1","mean_ann",6.68,FALSE,""
"DJX","unconstrained",3,"1","sd_ann",15.22,FALSE,""
"DJX","unconstrained",3,"1","sharpe_ann",0.44,FALSE,""
"DJX","unconstrained",3,"1","alpha_ann",3.91,FALSE,""
"DJX","unconstrained",3,"1","beta",0.47,FALSE,""
"DJX","unconstrained",3,"1","hsd_ann",12.66,FALSE,""
"DJX","unconstrained",3,"1","appraisal_ann",0.31,FALSE,""
"DJX","unconstrained",3,"3","mean_ann",5.54,FALSE,""
"DJX","unconstrained",3,"3","sd_ann",11.23,FALSE,""
"DJX","unconstrained",3,"3","sharpe_ann",0.49,FALSE,""
"DJX","unconstrained",3,"3","alpha_ann",3.46,FALSE,""
"DJX","unconstrained",3,"3","beta",0.35,FALSE,""
"DJX","unconstrained",3,"3","hsd_ann",9.27,FALSE,""
"DJX","unconstrained",3,"3","appraisal_ann",0.37,FALSE,""
"DJX","unconstrained",3,"5","mean_ann",4.42,FALSE,""
"DJX","unconstrained",3,"5","sd_ann",9.6,FALSE,""
"DJX","unconstrained",3,"5","sharpe_ann",0.46,FALSE,""
"DJX","unconstrained",3,"5","alpha_ann",2.71,FALSE,""
"DJX","unconstrained",3,"5","beta",0.29,FALSE,""
"DJX","unconstrained",3,"5","hsd_ann",8.05,FALSE,""
"DJX","unconstrained",3,"5","appraisal_ann",0.34,FALSE,""
"DJX","unconstrained",5,"1","mean_ann",10.95,FALSE,""
"DJX","unconstrained",5,"1","sd_ann",22.25,FALSE,""
"DJX","unconstrained",5,"1","sharpe_ann",0.49,FALSE,""
"DJX","unconstrained",5,"1","alpha_ann",6.8,FALSE,""
"DJX","unconstrained",5,"1","beta",0.7,FALSE,""
"DJX","unconstrained",5,"1","hsd_ann",18.31,FALSE,""
"DJX","unconstrained",5,"1","appraisal_ann",0.37,FALSE,""
"DJX","unconstrained",5,"3","mean_ann",7.39,FALSE,""
"DJX","unconstrained",5,"3","sd_ann",16.19,FALSE,""
"DJX","unconstrained",5,"3","sharpe_ann",0.46,FALSE,""
"DJX","unconstrained",5,"3","alpha_ann",4.51,FALSE,""
"DJX","unconstrained",5,"3","beta",0.49,FALSE,""
"DJX","unconstrained",5,"3","hsd_ann",13.58,FALSE,""
"DJX","unconstrained",5,"3","appraisal_ann",0.33,FALSE,""
"DJX","unconstrained",5,"5","mean_ann",5.55,FALSE,""
"DJX","unconstrained",5,"5","sd_ann",13.32,FALSE,""
"DJX","unconstrained",5,"5","sharpe_ann",0.42,FALSE,""
"DJX","unconstrained",5,"5","alpha_ann",3.32,FALSE,""
"DJX","unconstrained",5,"5","beta",0.37,FALSE,""
"DJX","unconstrained",5,"5","hsd_ann",11.47,FALSE,""
"DJX","unconstrained",5,"5","appraisal_ann",0.29,FALSE,""
"DJX","solvency",2,"1","mean_ann",3.33,FALSE,""
"DJX","solvency",2,"1","sd_ann",10.97,FALSE,""
"DJX","solvency",2,"1","sharpe_ann",0.3,FALSE,""
"DJX","solvency",2,"1","alpha_ann",1.33,FALSE,""
"DJX","solvency",2,"1","beta",0.34,FALSE,""
"DJX","solvency",2,"1","hsd_ann",9.13,FALSE,""
"DJX","solvency",2,"1","appraisal_ann",0.15,FALSE,""
"DJX","solvency",2,"3","mean_ann",3.45,FALSE,""
"DJX","solvency",2,"3","sd_ann",8.34,FALSE,""
"DJX","solvency",2,"3","sharpe_ann",0.41,FALSE,""
"DJX","solvency",2,"3","alpha_ann",1.88,FALSE,""
"DJX","solvency",2,"3","beta",0.27,FALSE,""
"DJX","solvency",2,"3","hsd_ann",6.81,FALSE,""
"DJX","solvency",2,"3","appraisal_ann",0.28,FALSE,""
"DJX","solvency",2,"5","mean_ann",3.04,FALSE,""
"DJX","solvency",2,"5","sd_ann",7.15,FALSE,""
"DJX","solvency",2,"5","sharpe_ann",0.42,FALSE,""
"DJX","solvency",2,"5","alpha_ann",1.71,FALSE,""
"DJX","solvency",2,"5","beta",0.22,FALSE,""
"DJX","solvency",2,"5","hsd_ann",5.89,FALSE,""
"DJX","solvency",2,"5","appraisal_ann",0.29,FALSE,""
"DJX","solvency",3,"1","mean_ann",4.37,FALSE,""
"DJX","solvency",3,"1","sd_ann",15.55,FALSE,""
"DJX","solvency",3,"1","sharpe_ann",0.28,FALSE,""
"DJX","solvency",3,"1","alpha_ann",1.45,FALSE,""
"DJX","solvency",3,"1","beta",0.49,FALSE,""
"DJX","solvency",3,"1","hsd_ann",12.75,FALSE,""
"DJX","solvency",3,"1","appraisal_ann",0.11,FALSE,""
"DJX","solvency",3,"3","mean_ann",4.23,FALSE,""
"DJX","solvency",3,"3","sd_ann",11.41,FALSE,""
"DJX","solvency",3,"3","sharpe_ann",0.37,FALSE,""
"DJX","solvency",3,"3","alpha_ann",2.08,FALSE,""
"DJX","solvency",3,"3","beta",0.36,FALSE,""
"DJX","solvency",3,"3","hsd_ann",9.34,FALSE,""
"DJX","solvency",3,"3","appraisal_ann",0.22,FALSE,""
"DJX","solvency",3,"5","mean_ann",3.5,FALSE,""
"DJX","solvency",3,"5","sd_ann",9.72,FALSE,""
"DJX","solvency",3,"5","sharpe_ann",0.36,FALSE,""
"DJX","solvency",3,"5","alpha_ann",1.74,FALSE,""
"DJX","solvency",3,"5","beta",0.3,FALSE,""
"DJX","solvency",3,"5","hsd_ann",8.1,FALSE,""
"DJX","solvency",3,"5","appraisal_ann",0.21,FALSE,""
"DJX","solvency",5,"1","mean_ann",6.14,FALSE,""
"DJX","solvency",5,"1","sd_ann",21.66,FALSE,""
"DJX","solvency",5,"1","sharpe_ann",0.28,FALSE,""
"DJX","solvency",5,"1","alpha_ann",1.96,FALSE,""
"DJX","solvency",5,"1","beta",0.7,FALSE,""
"DJX","solvency",5,"1","hsd_ann",17.52,FALSE,""
"DJX","solvency",5,"1","appraisal_ann",0.11,FALSE,""
"DJX","solvency",5,"3","mean_ann",4.94,FALSE,""
"DJX","solvency",5,"3","sd_ann",16.43,FALSE,""
"DJX","solvency",5,"3","sharpe_ann",0.3,FALSE,""
"DJX","solvency",5,"3","alpha_ann",1.94,FALSE,""
"DJX","solvency",5,"3","beta",0.5,FALSE,""
"DJX","solvency",5,"3","hsd_ann",13.65,FALSE,""
"DJX","solvency",5,"3","appraisal_ann",0.14,FALSE,""
"DJX","solvency",5,"5","mean_ann",3.88,FALSE,""
"DJX","solvency",5,"5","sd_ann",13.43,FALSE,""
"DJX","solvency",5,"5","sharpe_ann",0.29,FALSE,""
"DJX","solvency",5,"5","alpha_ann",1.6,FALSE,""
"DJX","solvency",5,"5","beta",0.38,FALSE,""
"DJX","solvency",5,"5","hsd_ann",11.48,FALSE,""
"DJX","solvency",5,"5","appraisal_ann",0.14,FALSE,""
"SPX","small_position_limit",2,"Small","mean_ann",3.18,FALSE,""
"SPX","small_position_limit",2,"Small","sd_ann",4.22,FALSE,""
"SPX","small_position_limit",2,"Small","sharpe_ann",0.75,FALSE,""
"SPX","small_position_limit",2,"Small","alpha_ann",2.49,FALSE,""
"SPX","small_position_limit",2,"Small","beta",0.1,FALSE,""
"SPX","small_position_limit",2,"Small","hsd_ann",3.86,FALSE,""
"SPX","small_position_limit",2,"Small","appraisal_ann",0.64,FALSE,""
"SPX","small_position_limit",3,"Small","mean_ann",4.77,FALSE,""
"SPX","small_position_limit",3,"Small","sd_ann",6.34,FALSE,""
"SPX","small_position_limit",3,"Small","sharpe_ann",0.75,FALSE,""
"SPX","small_position_limit",3,"Small","alpha_ann",3.73,FALSE,""
"SPX","small_position_limit",3,"Small","beta",0.14,FALSE,""
"SPX","small_position_limit",3,"Small","hsd_ann",5.79,FALSE,""
"SPX","small_position_limit",3,"Small","appraisal_ann",0.64,FALSE,""
"SPX","small_position_limit",5,"Small","mean_ann",7.95,FALSE,""
"SPX","small_position_limit",5,"Small","sd_ann",10.56,FALSE,""
"SPX","small_position_limit",5,"Small","sharpe_ann",0.75,FALSE,""
"SPX","small_position_limit",5,"Small","alpha_ann",6.22,FALSE,""
"SPX","small_position_limit",5,"Small","beta",0.24,FALSE,""
"SPX","small_position_limit",5,"Small","hsd_ann",9.65,FALSE,""
"SPX","small_position_limit",5,"Small","appraisal_ann",0.64,FALSE,""
