"period","asset","leverage_pct","gamma","statistic","paper","diagnosed_numerical_exception","exception_reason"
"1996-2000","SPX options",2,1,"mean_ann",9.05,FALSE,""
"1996-2000","SPX options",2,1,"sd_ann",2.71,FALSE,""
"1996-2000","SPX options",2,1,"sharpe_ann",3.34,FALSE,""
"1996-2000","SPX options",2,1,"alpha_ann",9.33,FALSE,""
"1996-2000","SPX options",2,1,"beta",-0.03,FALSE,""
"1996-2000","SPX options",2,1,"hsd_ann",2.68,FALSE,""
"1996-2000","SPX options",2,1,"appraisal_ann",3.48,FALSE,""
"1996-2000","SPX options",2,3,"mean_ann",8.15,FALSE,""
"1996-2000","SPX options",2,3,"sd_ann",3.19,FALSE,""
"1996-2000","SPX options",2,3,"sharpe_ann",2.55,FALSE,""
"1996-2000","SPX options",2,3,"alpha_ann",8.76,FALSE,""
"1996-2000","SPX options",2,3,"beta",-0.06,FALSE,""
"1996-2000","SPX options",2,3,"hsd_ann",3.08,FALSE,""
"1996-2000","SPX options",2,3,"appraisal_ann",2.84,FALSE,""
"1996-2000","SPX options",2,5,"mean_ann",7.48,FALSE,""
"1996-2000","SPX options",2,5,"sd_ann",3.37,FALSE,""
"1996-2000","SPX options",2,5,"sharpe_ann",2.22,FALSE,""
"1996-2000","SPX options",2,5,"alpha_ann",8.25,FALSE,""
"1996-2000","SPX options",2,5,"beta",-0.07,FALSE,""
"1996-2000","SPX options",2,5,"hsd_ann",3.2,FALSE,""
"1996-2000","SPX options",2,5,"appraisal_ann",2.57,FALSE,""
"1996-2000","SPX options",3,1,"mean_ann",13.65,FALSE,""
"1996-2000","SPX options",3,1,"sd_ann",4.45,FALSE,""
"1996-2000","SPX options",3,1,"sharpe_ann",3.07,FALSE,""
"1996-2000","SPX options",3,1,"alpha_ann",14.26,FALSE,""
"1996-2000","SPX options",3,1,"beta",-0.06,FALSE,""
"1996-2000","SPX options",3,1,"hsd_ann",4.37,FALSE,""
"1996-2000","SPX options",3,1,"appraisal_ann",3.26,FALSE,""
"1996-2000","SPX options",3,3,"mean_ann",11.77,FALSE,""
"1996-2000","SPX options",3,3,"sd_ann",5.04,FALSE,""
"1996-2000","SPX options",3,3,"sharpe_ann",2.34,FALSE,""
"1996-2000","SPX options",3,3,"alpha_ann",12.85,FALSE,""
"1996-2000","SPX options",3,3,"beta",-0.1,FALSE,""
"1996-2000","SPX options",3,3,"hsd_ann",4.82,FALSE,""
"1996-2000","SPX options",3,3,"appraisal_ann",2.67,FALSE,""
"1996-2000","SPX options",3,5,"mean_ann",10.37,FALSE,""
"1996-2000","SPX options",3,5,"sd_ann",5.12,FALSE,""
"1996-2000","SPX options",3,5,"sharpe_ann",2.03,FALSE,""
"1996-2000","SPX options",3,5,"alpha_ann",11.68,FALSE,""
"1996-2000","SPX options",3,5,"beta",-0.12,FALSE,""
"1996-2000","SPX options",3,5,"hsd_ann",4.8,FALSE,""
"1996-2000","SPX options",3,5,"appraisal_ann",2.43,FALSE,""
"1996-2000","SPX options",5,1,"mean_ann",21.9,FALSE,""
"1996-2000","SPX options",5,1,"sd_ann",8.03,FALSE,""
"1996-2000","SPX options",5,1,"sharpe_ann",2.73,FALSE,""
"1996-2000","SPX options",5,1,"alpha_ann",23.32,FALSE,""
"1996-2000","SPX options",5,1,"beta",-0.13,FALSE,""
"1996-2000","SPX options",5,1,"hsd_ann",7.8,FALSE,""
"1996-2000","SPX options",5,1,"appraisal_ann",2.99,FALSE,""
"1996-2000","SPX options",5,3,"mean_ann",17.43,FALSE,""
"1996-2000","SPX options",5,3,"sd_ann",8.67,TRUE,"Raw generated returns differ from the archived panel by at most 6.94e-6; the resulting volatility crosses a 0.005 percentage-point display boundary."
"1996-2000","SPX options",5,3,"sharpe_ann",2.01,FALSE,""
"1996-2000","SPX options",5,3,"alpha_ann",19.65,FALSE,""
"1996-2000","SPX options",5,3,"beta",-0.21,FALSE,""
"1996-2000","SPX options",5,3,"hsd_ann",8.13,FALSE,""
"1996-2000","SPX options",5,3,"appraisal_ann",2.42,FALSE,""
"1996-2000","SPX options",5,5,"mean_ann",14.81,FALSE,""
"1996-2000","SPX options",5,5,"sd_ann",8.33,FALSE,""
"1996-2000","SPX options",5,5,"sharpe_ann",1.78,FALSE,""
"1996-2000","SPX options",5,5,"alpha_ann",17.26,FALSE,""
"1996-2000","SPX options",5,5,"beta",-0.23,FALSE,""
"1996-2000","SPX options",5,5,"hsd_ann",7.64,FALSE,""
"1996-2000","SPX options",5,5,"appraisal_ann",2.26,FALSE,""
"1996-2000","SPX index",NA,NA,"mean_ann",10.8,FALSE,""
"1996-2000","SPX index",NA,NA,"sd_ann",14.68,FALSE,""
"1996-2000","SPX index",NA,NA,"sharpe_ann",0.74,FALSE,""
"2001-2005","SPX options",2,1,"mean_ann",2.69,FALSE,""
"2001-2005","SPX options",2,1,"sd_ann",6.22,FALSE,""
"2001-2005","SPX options",2,1,"sharpe_ann",0.43,FALSE,""
"2001-2005","SPX options",2,1,"alpha_ann",2.45,FALSE,""
"2001-2005","SPX options",2,1,"beta",0.18,FALSE,""
"2001-2005","SPX options",2,1,"hsd_ann",5.24,FALSE,""
"2001-2005","SPX options",2,1,"appraisal_ann",0.47,FALSE,""
"2001-2005","SPX options",2,3,"mean_ann",2.61,FALSE,""
"2001-2005","SPX options",2,3,"sd_ann",6.11,FALSE,""
"2001-2005","SPX options",2,3,"sharpe_ann",0.43,FALSE,""
"2001-2005","SPX options",2,3,"alpha_ann",2.38,FALSE,""
"2001-2005","SPX options",2,3,"beta",0.17,FALSE,""
"2001-2005","SPX options",2,3,"hsd_ann",5.18,FALSE,""
"2001-2005","SPX options",2,3,"appraisal_ann",0.46,FALSE,""
"2001-2005","SPX options",2,5,"mean_ann",2.44,FALSE,""
"2001-2005","SPX options",2,5,"sd_ann",5.83,FALSE,""
"2001-2005","SPX options",2,5,"sharpe_ann",0.42,FALSE,""
"2001-2005","SPX options",2,5,"alpha_ann",2.23,FALSE,""
"2001-2005","SPX options",2,5,"beta",0.16,FALSE,""
"2001-2005","SPX options",2,5,"hsd_ann",5.02,FALSE,""
"2001-2005","SPX options",2,5,"appraisal_ann",0.45,FALSE,""
"2001-2005","SPX options",3,1,"mean_ann",4.1,FALSE,""
"2001-2005","SPX options",3,1,"sd_ann",9.7,FALSE,""
"2001-2005","SPX options",3,1,"sharpe_ann",0.42,FALSE,""
"2001-2005","SPX options",3,1,"alpha_ann",3.74,FALSE,""
"2001-2005","SPX options",3,1,"beta",0.28,FALSE,""
"2001-2005","SPX options",3,1,"hsd_ann",8.17,FALSE,""
"2001-2005","SPX options",3,1,"appraisal_ann",0.46,FALSE,""
"2001-2005","SPX options",3,3,"mean_ann",3.76,FALSE,""
"2001-2005","SPX options",3,3,"sd_ann",9.16,FALSE,""
"2001-2005","SPX options",3,3,"sharpe_ann",0.41,FALSE,""
"2001-2005","SPX options",3,3,"alpha_ann",3.43,FALSE,""
"2001-2005","SPX options",3,3,"beta",0.25,FALSE,""
"2001-2005","SPX options",3,3,"hsd_ann",7.85,FALSE,""
"2001-2005","SPX options",3,3,"appraisal_ann",0.44,FALSE,""
"2001-2005","SPX options",3,5,"mean_ann",3.33,FALSE,""
"2001-2005","SPX options",3,5,"sd_ann",8.1,FALSE,""
"2001-2005","SPX options",3,5,"sharpe_ann",0.41,FALSE,""
"2001-2005","SPX options",3,5,"alpha_ann",3.05,FALSE,""
"2001-2005","SPX options",3,5,"beta",0.21,FALSE,""
"2001-2005","SPX options",3,5,"hsd_ann",7.04,FALSE,""
"2001-2005","SPX options",3,5,"appraisal_ann",0.43,FALSE,""
"2001-2005","SPX options",5,1,"mean_ann",6.18,FALSE,""
"2001-2005","SPX options",5,1,"sd_ann",16.34,FALSE,""
"2001-2005","SPX options",5,1,"sharpe_ann",0.38,FALSE,""
"2001-2005","SPX options",5,1,"alpha_ann",5.58,FALSE,""
"2001-2005","SPX options",5,1,"beta",0.46,FALSE,""
"2001-2005","SPX options",5,1,"hsd_ann",13.81,FALSE,""
"2001-2005","SPX options",5,1,"appraisal_ann",0.4,FALSE,""
"2001-2005","SPX options",5,3,"mean_ann",4.81,FALSE,""
"2001-2005","SPX options",5,3,"sd_ann",13.64,FALSE,""
"2001-2005","SPX options",5,3,"sharpe_ann",0.35,FALSE,""
"2001-2005","SPX options",5,3,"alpha_ann",4.33,FALSE,""
"2001-2005","SPX options",5,3,"beta",0.36,FALSE,""
"2001-2005","SPX options",5,3,"hsd_ann",11.8,FALSE,""
"2001-2005","SPX options",5,3,"appraisal_ann",0.37,FALSE,""
"2001-2005","SPX options",5,5,"mean_ann",4.08,FALSE,""
"2001-2005","SPX options",5,5,"sd_ann",11.61,FALSE,""
"2001-2005","SPX options",5,5,"sharpe_ann",0.35,FALSE,""
"2001-2005","SPX options",5,5,"alpha_ann",3.69,FALSE,""
"2001-2005","SPX options",5,5,"beta",0.3,FALSE,""
"2001-2005","SPX options",5,5,"hsd_ann",10.16,FALSE,""
"2001-2005","SPX options",5,5,"appraisal_ann",0.36,FALSE,""
"2001-2005","SPX index",NA,NA,"mean_ann",1.31,FALSE,""
"2001-2005","SPX index",NA,NA,"sd_ann",18.91,FALSE,""
"2001-2005","SPX index",NA,NA,"sharpe_ann",0.07,FALSE,""
"2006-2010","SPX options",2,1,"mean_ann",5.05,FALSE,""
"2006-2010","SPX options",2,1,"sd_ann",3.22,FALSE,""
"2006-2010","SPX options",2,1,"sharpe_ann",1.57,FALSE,""
"2006-2010","SPX options",2,1,"alpha_ann",5.14,FALSE,""
"2006-2010","SPX options",2,1,"beta",0.09,FALSE,""
"2006-2010","SPX options",2,1,"hsd_ann",2.77,FALSE,""
"2006-2010","SPX options",2,1,"appraisal_ann",1.86,FALSE,""
"2006-2010","SPX options",2,3,"mean_ann",5.23,FALSE,""
"2006-2010","SPX options",2,3,"sd_ann",3.23,FALSE,""
"2006-2010","SPX options",2,3,"sharpe_ann",1.62,FALSE,""
"2006-2010","SPX options",2,3,"alpha_ann",5.31,FALSE,""
"2006-2010","SPX options",2,3,"beta",0.09,FALSE,""
"2006-2010","SPX options",2,3,"hsd_ann",2.8,FALSE,""
"2006-2010","SPX options",2,3,"appraisal_ann",1.9,FALSE,""
"2006-2010","SPX options",2,5,"mean_ann",5.32,FALSE,""
"2006-2010","SPX options",2,5,"sd_ann",2.87,FALSE,""
"2006-2010","SPX options",2,5,"sharpe_ann",1.86,FALSE,""
"2006-2010","SPX options",2,5,"alpha_ann",5.4,FALSE,""
"2006-2010","SPX options",2,5,"beta",0.07,FALSE,""
"2006-2010","SPX options",2,5,"hsd_ann",2.49,FALSE,""
"2006-2010","SPX options",2,5,"appraisal_ann",2.17,FALSE,""
"2006-2010","SPX options",3,1,"mean_ann",8.33,FALSE,""
"2006-2010","SPX options",3,1,"sd_ann",5.83,FALSE,""
"2006-2010","SPX options",3,1,"sharpe_ann",1.43,FALSE,""
"2006-2010","SPX options",3,1,"alpha_ann",8.49,FALSE,""
"2006-2010","SPX options",3,1,"beta",0.15,FALSE,""
"2006-2010","SPX options",3,1,"hsd_ann",5.09,FALSE,""
"2006-2010","SPX options",3,1,"appraisal_ann",1.67,FALSE,""
"2006-2010","SPX options",3,3,"mean_ann",8.87,FALSE,""
"2006-2010","SPX options",3,3,"sd_ann",4.91,FALSE,""
"2006-2010","SPX options",3,3,"sharpe_ann",1.81,FALSE,""
"2006-2010","SPX options",3,3,"alpha_ann",9.01,FALSE,""
"2006-2010","SPX options",3,3,"beta",0.13,FALSE,""
"2006-2010","SPX options",3,3,"hsd_ann",4.27,FALSE,""
"2006-2010","SPX options",3,3,"appraisal_ann",2.11,FALSE,""
"2006-2010","SPX options",3,5,"mean_ann",8.08,FALSE,""
"2006-2010","SPX options",3,5,"sd_ann",4.54,FALSE,""
"2006-2010","SPX options",3,5,"sharpe_ann",1.78,FALSE,""
"2006-2010","SPX options",3,5,"alpha_ann",8.19,FALSE,""
"2006-2010","SPX options",3,5,"beta",0.11,FALSE,""
"2006-2010","SPX options",3,5,"hsd_ann",4.01,FALSE,""
"2006-2010","SPX options",3,5,"appraisal_ann",2.04,FALSE,""
"2006-2010","SPX options",5,1,"mean_ann",13.45,FALSE,""
"2006-2010","SPX options",5,1,"sd_ann",9.33,FALSE,""
"2006-2010","SPX options",5,1,"sharpe_ann",1.44,FALSE,""
"2006-2010","SPX options",5,1,"alpha_ann",13.69,FALSE,""
"2006-2010","SPX options",5,1,"beta",0.23,FALSE,""
"2006-2010","SPX options",5,1,"hsd_ann",8.25,FALSE,""
"2006-2010","SPX options",5,1,"appraisal_ann",1.66,FALSE,""
"2006-2010","SPX options",5,3,"mean_ann",12.11,FALSE,""
"2006-2010","SPX options",5,3,"sd_ann",7.63,FALSE,""
"2006-2010","SPX options",5,3,"sharpe_ann",1.59,FALSE,""
"2006-2010","SPX options",5,3,"alpha_ann",12.3,FALSE,""
"2006-2010","SPX options",5,3,"beta",0.18,FALSE,""
"2006-2010","SPX options",5,3,"hsd_ann",6.82,FALSE,""
"2006-2010","SPX options",5,3,"appraisal_ann",1.8,FALSE,""
"2006-2010","SPX options",5,5,"mean_ann",11.22,FALSE,""
"2006-2010","SPX options",5,5,"sd_ann",6.73,FALSE,""
"2006-2010","SPX options",5,5,"sharpe_ann",1.67,FALSE,""
"2006-2010","SPX options",5,5,"alpha_ann",11.38,FALSE,""
"2006-2010","SPX options",5,5,"beta",0.15,FALSE,""
"2006-2010","SPX options",5,5,"hsd_ann",6.06,FALSE,""
"2006-2010","SPX options",5,5,"appraisal_ann",1.88,FALSE,""
"2006-2010","SPX index",NA,NA,"mean_ann",-1.04,FALSE,""
"2006-2010","SPX index",NA,NA,"sd_ann",19.06,FALSE,""
"2006-2010","SPX index",NA,NA,"sharpe_ann",-0.05,FALSE,""
"2011-2015","SPX options",2,1,"mean_ann",9.77,FALSE,""
"2011-2015","SPX options",2,1,"sd_ann",5.76,FALSE,""
"2011-2015","SPX options",2,1,"sharpe_ann",1.7,FALSE,""
"2011-2015","SPX options",2,1,"alpha_ann",7.9,FALSE,""
"2011-2015","SPX options",2,1,"beta",0.21,FALSE,""
"2011-2015","SPX options",2,1,"hsd_ann",4.95,FALSE,""
"2011-2015","SPX options",2,1,"appraisal_ann",1.6,FALSE,""
"2011-2015","SPX options",2,3,"mean_ann",9.45,FALSE,""
"2011-2015","SPX options",2,3,"sd_ann",5.71,FALSE,""
"2011-2015","SPX options",2,3,"sharpe_ann",1.65,FALSE,""
"2011-2015","SPX options",2,3,"alpha_ann",7.54,FALSE,""
"2011-2015","SPX options",2,3,"beta",0.21,FALSE,""
"2011-2015","SPX options",2,3,"hsd_ann",4.85,FALSE,""
"2011-2015","SPX options",2,3,"appraisal_ann",1.55,FALSE,""
"2011-2015","SPX options",2,5,"mean_ann",8.76,FALSE,""
"2011-2015","SPX options",2,5,"sd_ann",4.35,FALSE,""
"2011-2015","SPX options",2,5,"sharpe_ann",2.01,FALSE,""
"2011-2015","SPX options",2,5,"alpha_ann",7.28,FALSE,""
"2011-2015","SPX options",2,5,"beta",0.16,FALSE,""
"2011-2015","SPX options",2,5,"hsd_ann",3.66,FALSE,""
"2011-2015","SPX options",2,5,"appraisal_ann",1.99,FALSE,""
"2011-2015","SPX options",3,1,"mean_ann",18.56,FALSE,""
"2011-2015","SPX options",3,1,"sd_ann",10.76,FALSE,""
"2011-2015","SPX options",3,1,"sharpe_ann",1.73,FALSE,""
"2011-2015","SPX options",3,1,"alpha_ann",15.2,FALSE,""
"2011-2015","SPX options",3,1,"beta",0.37,FALSE,""
"2011-2015","SPX options",3,1,"hsd_ann",9.36,FALSE,""
"2011-2015","SPX options",3,1,"appraisal_ann",1.62,FALSE,""
"2011-2015","SPX options",3,3,"mean_ann",16.61,FALSE,""
"2011-2015","SPX options",3,3,"sd_ann",8.21,FALSE,""
"2011-2015","SPX options",3,3,"sharpe_ann",2.02,FALSE,""
"2011-2015","SPX options",3,3,"alpha_ann",13.86,FALSE,""
"2011-2015","SPX options",3,3,"beta",0.3,FALSE,""
"2011-2015","SPX options",3,3,"hsd_ann",6.98,FALSE,""
"2011-2015","SPX options",3,3,"appraisal_ann",1.99,FALSE,""
"2011-2015","SPX options",3,5,"mean_ann",14.8,FALSE,""
"2011-2015","SPX options",3,5,"sd_ann",6.6,FALSE,""
"2011-2015","SPX options",3,5,"sharpe_ann",2.24,FALSE,""
"2011-2015","SPX options",3,5,"alpha_ann",12.52,FALSE,""
"2011-2015","SPX options",3,5,"beta",0.25,FALSE,""
"2011-2015","SPX options",3,5,"hsd_ann",5.53,FALSE,""
"2011-2015","SPX options",3,5,"appraisal_ann",2.26,FALSE,""
"2011-2015","SPX options",5,1,"mean_ann",29.44,TRUE,"The diagnosed 23 July 2012 bisection branch moves the generated subperiod mean from the archived 29.438538 to 29.447331 percent."
"2011-2015","SPX options",5,1,"sd_ann",18.33,FALSE,""
"2011-2015","SPX options",5,1,"sharpe_ann",1.61,FALSE,""
"2011-2015","SPX options",5,1,"alpha_ann",23.65,TRUE,"The diagnosed 23 July 2012 bisection branch moves the generated subperiod alpha from the archived 23.649913 to 23.657048 percent."
"2011-2015","SPX options",5,1,"beta",0.64,FALSE,""
"2011-2015","SPX options",5,1,"hsd_ann",15.88,FALSE,""
"2011-2015","SPX options",5,1,"appraisal_ann",1.49,FALSE,""
"2011-2015","SPX options",5,3,"mean_ann",24.3,FALSE,""
"2011-2015","SPX options",5,3,"sd_ann",11.17,FALSE,""
"2011-2015","SPX options",5,3,"sharpe_ann",2.18,FALSE,""
"2011-2015","SPX options",5,3,"alpha_ann",20.42,FALSE,""
"2011-2015","SPX options",5,3,"beta",0.43,FALSE,""
"2011-2015","SPX options",5,3,"hsd_ann",9.33,FALSE,""
"2011-2015","SPX options",5,3,"appraisal_ann",2.19,FALSE,""
"2011-2015","SPX options",5,5,"mean_ann",21.63,FALSE,""
"2011-2015","SPX options",5,5,"sd_ann",8.55,FALSE,""
"2011-2015","SPX options",5,5,"sharpe_ann",2.53,FALSE,""
"2011-2015","SPX options",5,5,"alpha_ann",18.74,FALSE,""
"2011-2015","SPX options",5,5,"beta",0.32,FALSE,""
"2011-2015","SPX options",5,5,"hsd_ann",7.23,FALSE,""
"2011-2015","SPX options",5,5,"appraisal_ann",2.59,FALSE,""
"2011-2015","SPX index",NA,NA,"mean_ann",9.04,FALSE,""
"2011-2015","SPX index",NA,NA,"sd_ann",14.29,FALSE,""
"2011-2015","SPX index",NA,NA,"sharpe_ann",0.63,FALSE,""
"2016-2020","SPX options",2,1,"mean_ann",2.39,FALSE,""
"2016-2020","SPX options",2,1,"sd_ann",2.64,FALSE,""
"2016-2020","SPX options",2,1,"sharpe_ann",0.91,FALSE,""
"2016-2020","SPX options",2,1,"alpha_ann",1.21,FALSE,""
"2016-2020","SPX options",2,1,"beta",0.07,FALSE,""
"2016-2020","SPX options",2,1,"hsd_ann",2.11,FALSE,""
"2016-2020","SPX options",2,1,"appraisal_ann",0.57,FALSE,""
"2016-2020","SPX options",2,3,"mean_ann",2.9,FALSE,""
"2016-2020","SPX options",2,3,"sd_ann",2.54,FALSE,""
"2016-2020","SPX options",2,3,"sharpe_ann",1.14,FALSE,""
"2016-2020","SPX options",2,3,"alpha_ann",1.8,FALSE,""
"2016-2020","SPX options",2,3,"beta",0.07,FALSE,""
"2016-2020","SPX options",2,3,"hsd_ann",2.08,FALSE,""
"2016-2020","SPX options",2,3,"appraisal_ann",0.87,FALSE,""
"2016-2020","SPX options",2,5,"mean_ann",3.02,FALSE,""
"2016-2020","SPX options",2,5,"sd_ann",2.43,FALSE,""
"2016-2020","SPX options",2,5,"sharpe_ann",1.24,FALSE,""
"2016-2020","SPX options",2,5,"alpha_ann",2,FALSE,""
"2016-2020","SPX options",2,5,"beta",0.06,FALSE,""
"2016-2020","SPX options",2,5,"hsd_ann",2,FALSE,""
"2016-2020","SPX options",2,5,"appraisal_ann",1,FALSE,""
"2016-2020","SPX options",3,1,"mean_ann",8.29,FALSE,""
"2016-2020","SPX options",3,1,"sd_ann",15.84,FALSE,""
"2016-2020","SPX options",3,1,"sharpe_ann",0.52,FALSE,""
"2016-2020","SPX options",3,1,"alpha_ann",0.1,FALSE,""
"2016-2020","SPX options",3,1,"beta",0.51,FALSE,""
"2016-2020","SPX options",3,1,"hsd_ann",11.43,FALSE,""
"2016-2020","SPX options",3,1,"appraisal_ann",0.01,FALSE,""
"2016-2020","SPX options",3,3,"mean_ann",8.45,FALSE,""
"2016-2020","SPX options",3,3,"sd_ann",15.06,FALSE,""
"2016-2020","SPX options",3,3,"sharpe_ann",0.56,FALSE,""
"2016-2020","SPX options",3,3,"alpha_ann",0.99,FALSE,""
"2016-2020","SPX options",3,3,"beta",0.47,FALSE,""
"2016-2020","SPX options",3,3,"hsd_ann",11.29,FALSE,""
"2016-2020","SPX options",3,3,"appraisal_ann",0.09,FALSE,""
"2016-2020","SPX options",3,5,"mean_ann",9.81,FALSE,""
"2016-2020","SPX options",3,5,"sd_ann",10.62,FALSE,""
"2016-2020","SPX options",3,5,"sharpe_ann",0.92,FALSE,""
"2016-2020","SPX options",3,5,"alpha_ann",4.73,FALSE,""
"2016-2020","SPX options",3,5,"beta",0.32,FALSE,""
"2016-2020","SPX options",3,5,"hsd_ann",8.16,FALSE,""
"2016-2020","SPX options",3,5,"appraisal_ann",0.58,FALSE,""
"2016-2020","SPX options",5,1,"mean_ann",11.29,FALSE,""
"2016-2020","SPX options",5,1,"sd_ann",34.14,FALSE,""
"2016-2020","SPX options",5,1,"sharpe_ann",0.33,FALSE,""
"2016-2020","SPX options",5,1,"alpha_ann",-5.98,FALSE,""
"2016-2020","SPX options",5,1,"beta",1.08,FALSE,""
"2016-2020","SPX options",5,1,"hsd_ann",25.14,FALSE,""
"2016-2020","SPX options",5,1,"appraisal_ann",-0.24,FALSE,""
"2016-2020","SPX options",5,3,"mean_ann",17.23,FALSE,""
"2016-2020","SPX options",5,3,"sd_ann",18.72,FALSE,""
"2016-2020","SPX options",5,3,"sharpe_ann",0.92,FALSE,""
"2016-2020","SPX options",5,3,"alpha_ann",8.3,FALSE,""
"2016-2020","SPX options",5,3,"beta",0.56,FALSE,""
"2016-2020","SPX options",5,3,"hsd_ann",14.41,FALSE,""
"2016-2020","SPX options",5,3,"appraisal_ann",0.58,FALSE,""
"2016-2020","SPX options",5,5,"mean_ann",19.45,FALSE,""
"2016-2020","SPX options",5,5,"sd_ann",12.06,FALSE,""
"2016-2020","SPX options",5,5,"sharpe_ann",1.61,FALSE,""
"2016-2020","SPX options",5,5,"alpha_ann",14.07,FALSE,""
"2016-2020","SPX options",5,5,"beta",0.34,FALSE,""
"2016-2020","SPX options",5,5,"hsd_ann",9.69,FALSE,""
"2016-2020","SPX options",5,5,"appraisal_ann",1.45,FALSE,""
"2016-2020","SPX index",NA,NA,"mean_ann",16,FALSE,""
"2016-2020","SPX index",NA,NA,"sd_ann",21.4,FALSE,""
"2016-2020","SPX index",NA,NA,"sharpe_ann",0.75,FALSE,""
